id,title,category,type,page_type,is_free,media_type,bytes,video_preview_url,archive_file,source_manifest
"dreamcore-landing","Dreamcore Landing","Landing Page","hero","landing","false","image/webp","2754990","https://pub-86dc5b5484314368ac5436a674b0d919.r2.dev/hero%20sections/animated%20(22).webp","media/dreamcore-landing.webp",""
"bold-studio","Bold Studio","Hero","hero","hero","true","image/webp","1236098","https://pub-86dc5b5484314368ac5436a674b0d919.r2.dev/hero%20sections/animated%20(10).webp","media/bold-studio.webp",""
"interactive-discovery","Interactive Discovery","Hero","hero","hero","true","image/webp","1415336","https://pub-86dc5b5484314368ac5436a674b0d919.r2.dev/hero%20sections/animated%20(7).webp","media/interactive-discovery.webp",""
"3d-jack-portfolio-hero","3D Jack Portfolio","Portfolio","hero","landing","true","video/mp4","2034855","https://pub-86dc5b5484314368ac5436a674b0d919.r2.dev/uploaded/jackportofplio.mp4","media/3d-jack-portfolio-hero.mp4",""
"art-landing","Art Landing","Landing Page","hero","landing","false","video/mp4","12954852","https://pub-86dc5b5484314368ac5436a674b0d919.r2.dev/a/mezzanine%20(1).mp4","media/art-landing.mp4",""
"codercrest-hero","CoderCrest","SaaS","hero","hero","false","image/gif","751391","https://pub-86dc5b5484314368ac5436a674b0d919.r2.dev/hero%20sections/codercrest-hero-CoycO52t.gif","media/codercrest-hero.gif",""
"urban-jungle-hero","Urban Jungle","Landing Page","hero","landing","false","video/mp4","3444733","https://pub-86dc5b5484314368ac5436a674b0d919.r2.dev/uploaded/urbanjungleArea.mp4","media/urban-jungle-hero.mp4",""
"reveal-hero","Reveal Hero","Hero","hero","hero","false","image/webp","711612","https://pub-86dc5b5484314368ac5436a674b0d919.r2.dev/hero%20sections/animated%20(26).webp","media/reveal-hero.webp",""
"modern-agency","Modern Agency","Agency","hero","landing","true","image/webp","1279768","https://pub-86dc5b5484314368ac5436a674b0d919.r2.dev/hero%20sections/animated%20(27).webp","media/modern-agency.webp",""
"luxury-editorial-ecommerce-design","Luxury Ecommerce Design","Landing Page","landing","hero","false","image/webp","1698620","https://pub-86dc5b5484314368ac5436a674b0d919.r2.dev/hero%20sections/animated%20(77).webp","media/luxury-editorial-ecommerce-design.webp",""
"max-reed-portfolio","Max Reed Portfolio","Features","features","hero","true","image/webp","833806","https://pub-86dc5b5484314368ac5436a674b0d919.r2.dev/animated%20(6).webp","media/max-reed-portfolio.webp",""
"ember-dsgn-hero","EMBER.dsgn","Hero Section","hero","hero","false","image/webp","1479644","https://pub-86dc5b5484314368ac5436a674b0d919.r2.dev/hero%20sections/animated%20(85).webp","media/ember-dsgn-hero.webp",""
"acreage-farming-hero","Acreage Farming","Landing Page","hero","landing","false","image/gif","4977490","https://pub-86dc5b5484314368ac5436a674b0d919.r2.dev/hero%20sections/hero-acreage-farming-preview-DY4bc7ni.gif","media/acreage-farming-hero.gif",""
"solar-energy-hero","Solar Energy Hero","Hero","hero","hero","false","image/webp","1123092","https://pub-86dc5b5484314368ac5436a674b0d919.r2.dev/hero%20sections/animated%20(35).webp","media/solar-energy-hero.webp",""
"halo-usd-landing","USD Halo","Landing Page","hero","landing","true","image/gif","3624439","https://pub-86dc5b5484314368ac5436a674b0d919.r2.dev/hero%20sections/halo-usd-hero-CtMXOklk.gif","media/halo-usd-landing.gif",""
"convix-software-hero","SAAS Software","SaaS","hero","hero","true","image/gif","3114760","https://pub-86dc5b5484314368ac5436a674b0d919.r2.dev/hero%20sections/convix-software-hero-B6-tdnN6.gif","media/convix-software-hero.gif",""
"dot-hero","Dot","Hero Section","hero","hero","true","image/gif","5711491","https://pub-86dc5b5484314368ac5436a674b0d919.r2.dev/hero%20sections/dot-hero-Csf49OgS.gif","media/dot-hero.gif",""
"cosmos-interface","Cosmos Interface","Landing Page","hero","hero","false","video/mp4","4175009","https://pub-86dc5b5484314368ac5436a674b0d919.r2.dev/uploaded/cosmos%20shtuffArea.mp4","media/cosmos-interface.mp4",""
"remit-race","Remit Race","Fintech","mobile","hero","false","video/mp4","1912332","https://pub-86dc5b5484314368ac5436a674b0d919.r2.dev/mobile%20apps/purpleglobapp.mp4","media/remit-race.mp4",""
"ai-interface","AI Interface","Landing Page","hero","hero","false","video/mp4","1660410","https://pub-86dc5b5484314368ac5436a674b0d919.r2.dev/hero%20sections/sniamtedblueish%20site.mp4","media/ai-interface.mp4",""
"cross-border","Cross-Border","Transportation","mobile","hero","true","video/mp4","1466477","https://pub-86dc5b5484314368ac5436a674b0d919.r2.dev/mobile%20apps/freeautomobile.mp4","media/cross-border.mp4",""
"luxury-hero","Luxury Hero","Hero","hero","hero","false","image/webp","2842722","https://pub-86dc5b5484314368ac5436a674b0d919.r2.dev/hero%20sections/animated%20(8).webp","media/luxury-hero.webp",""
"subscription-agency","Subscription Agency","Hero","hero","hero","true","video/mp4","1010602","https://pub-86dc5b5484314368ac5436a674b0d919.r2.dev/prompts%20(i've%20added%20them%20to%20the%20motionsites)/agencygradientArea.mp4","media/subscription-agency.mp4",""
"supplement-shop","Supplement Shop","Health","mobile","hero","false","video/mp4","963648","https://pub-86dc5b5484314368ac5436a674b0d919.r2.dev/uploaded/tablets.mp4","media/supplement-shop.mp4",""
"wellbeing-os","Wellbeing OS","Hero","hero","hero","true","video/mp4","1862206","https://pub-86dc5b5484314368ac5436a674b0d919.r2.dev/prompts%20(i've%20added%20them%20to%20the%20motionsites)/Wellbeing%20OS.mp4","media/wellbeing-os.mp4",""
"pet-products","Pet Products","Ecommerce App","mobile","hero","false","video/mp4","871970","https://pub-86dc5b5484314368ac5436a674b0d919.r2.dev/uploaded/doggy.mp4","media/pet-products.mp4",""
"kova-features","Kova Features","Benefits","features","hero","false","image/webp","263710","https://pub-86dc5b5484314368ac5436a674b0d919.r2.dev/animated%20(28).webp","media/kova-features.webp",""
"media-card-carousel","Media Card Carousel","Slider","carousel","hero","false","image/webp","810010","https://pub-86dc5b5484314368ac5436a674b0d919.r2.dev/animated%20(45).webp","media/media-card-carousel.webp",""
"prosthetics-hero","Prosthetics Hero","Hero","hero","hero","true","image/webp","464936","https://pub-86dc5b5484314368ac5436a674b0d919.r2.dev/hero%20sections/animated%20(49).webp","media/prosthetics-hero.webp",""
"retro-futurist","Retro-Futurist","Hero","hero","hero","true","image/webp","715612","https://pub-86dc5b5484314368ac5436a674b0d919.r2.dev/hero%20sections/animated%20(46).webp","media/retro-futurist.webp",""
"lending-ai-agents","Lending AI Agents","SaaS Website","hero","hero","false","video/mp4","1961781","https://pub-86dc5b5484314368ac5436a674b0d919.r2.dev/a/postithandsgodArea.mp4","media/lending-ai-agents.mp4",""
"imperial-vpn","Imperial VPN","Cybersecurity","hero","hero","false","video/mp4","2211389","https://pub-86dc5b5484314368ac5436a674b0d919.r2.dev/a/vppnlight.mp4","media/imperial-vpn.mp4",""
"cargox-mobile","CARGOX Mobile","Transportation","mobile","hero","false","video/mp4","1531818","https://pub-86dc5b5484314368ac5436a674b0d919.r2.dev/uploaded/carbo.mp4","media/cargox-mobile.mp4",""
"contact-cybernetic","Contact Cybernetic","Hero","hero","hero","true","image/webp","815610","https://pub-86dc5b5484314368ac5436a674b0d919.r2.dev/hero%20sections/animated%20(42).webp","media/contact-cybernetic.webp",""
"halo-benefits","Halo Benefits","Why Us","features","hero","false","image/webp","210902","https://pub-86dc5b5484314368ac5436a674b0d919.r2.dev/animated%20(13).webp","media/halo-benefits.webp",""
"health-portal","Health Portal","Landing Page","hero","hero","true","image/webp","1761604","https://pub-86dc5b5484314368ac5436a674b0d919.r2.dev/hero%20sections/animated%20(12).webp","media/health-portal.webp",""
"luxury-focus","Luxury Focus","E-commerce","landing","landing","false","application/x-mpegURL","2368","https://stream.mux.com/MSctoqC17nNR00ZSv5l7fTur9QOwcJHC01uL02uOFs1Vvs.m3u8","media/luxury-focus.mp4","media/luxury-focus.m3u8"
"impact-ventures","Impact Ventures","Hero","hero","hero","true","image/webp","1575972","https://pub-86dc5b5484314368ac5436a674b0d919.r2.dev/hero%20sections/animated%20(67).webp","media/impact-ventures.webp",""
"halo-use-case","Halo Use Case","Use Case","features","hero","true","image/webp","624212","https://pub-86dc5b5484314368ac5436a674b0d919.r2.dev/animated%20(18).webp","media/halo-use-case.webp",""
"innovation-summit","Innovation Summit","Mobile App","Mobile","Mobile","false","video/mp4","1472042","https://pub-86dc5b5484314368ac5436a674b0d919.r2.dev/mobile%20apps/mobileupArea.mp4","media/innovation-summit.mp4",""
"integration-saas","Integration SaaS","Hero","hero","hero","false","video/mp4","1253696","https://pub-86dc5b5484314368ac5436a674b0d919.r2.dev/hero%20sections/wisdongate.mp4","media/integration-saas.mp4",""
"luxury-escapes","Luxury Escapes","Travel App","mobile","hero","false","video/mp4","1840118","https://pub-86dc5b5484314368ac5436a674b0d919.r2.dev/uploaded/traveltobalilight.mp4","media/luxury-escapes.mp4",""
"lodge-booking-app","Lodge Booking App","Booking","mobile","hero","false","image/webp","66030","https://pub-86dc5b5484314368ac5436a674b0d919.r2.dev/uploaded/d32f8934d738fe4e9378f37412e72071.webp","media/lodge-booking-app.webp",""
"innovation-studio","Innovation Studio","Hero","hero","hero","false","video/mp4","1848469","https://pub-86dc5b5484314368ac5436a674b0d919.r2.dev/prompts%20(i've%20added%20them%20to%20the%20motionsites)/Innovation%20Studio.mp4","media/innovation-studio.mp4",""
"gear-shop","Gear Shop","Ecommerce App","mobile","hero","false","image/png","564860","https://pub-86dc5b5484314368ac5436a674b0d919.r2.dev/uploaded/CleanShot%202026-07-09%20at%2009.34.47.png","media/gear-shop.png",""
"wanderful-hero","Wanderful Hero","Travel","hero","hero","true","image/webp","941878","https://pub-86dc5b5484314368ac5436a674b0d919.r2.dev/hero%20sections/animated%20(78).webp","media/wanderful-hero.webp",""
"waitlist-hero","Waitlist Hero","Hero","hero","hero","false","image/webp","3322682","https://pub-86dc5b5484314368ac5436a674b0d919.r2.dev/hero%20sections/animated%20(74).webp","media/waitlist-hero.webp",""
"veloce-cards","Veloce Cards","Cards","features","hero","false","image/webp","400882","https://pub-86dc5b5484314368ac5436a674b0d919.r2.dev/animated%20(60).webp","media/veloce-cards.webp",""
"wellness-companion","Wellness Companion","Wellness","mobile","hero","true","video/mp4","441690","https://pub-86dc5b5484314368ac5436a674b0d919.r2.dev/mobileArea.mp4","media/wellness-companion.mp4",""
"travel-explorer","Travel Explorer","Travel","mobile","hero","false","video/mp4","819149","https://pub-86dc5b5484314368ac5436a674b0d919.r2.dev/mobile%20apps/natureweb3Area.mp4","media/travel-explorer.mp4",""
"nike-hover","Nike Hover","Features","features","hero","true","image/webp","400252","https://pub-86dc5b5484314368ac5436a674b0d919.r2.dev/animated%20(41).webp","media/nike-hover.webp",""
"mouse-trail-cta","Mouse Trail CTA","CTA","cta","hero","false","image/webp","203596","https://pub-86dc5b5484314368ac5436a674b0d919.r2.dev/animated%20(46).webp","media/mouse-trail-cta.webp",""
"orbis-hello","Orbis Hello","About","about","hero","true","image/webp","1478944","https://pub-86dc5b5484314368ac5436a674b0d919.r2.dev/animated%20(53).webp","media/orbis-hello.webp",""
"nimbus-sticky-cards","Nimbus Sticky Cards","Cards","features","hero","false","image/webp","334024","https://pub-86dc5b5484314368ac5436a674b0d919.r2.dev/animated%20(42).webp","media/nimbus-sticky-cards.webp",""
"organic-odyssey","Organic Odyssey","Hero","hero","hero","true","image/webp","1251618","https://pub-86dc5b5484314368ac5436a674b0d919.r2.dev/hero%20sections/animated%20(51).webp","media/organic-odyssey.webp",""
"nimbus-security","Nimbus Security","Cards","features","hero","false","image/webp","199620","https://pub-86dc5b5484314368ac5436a674b0d919.r2.dev/animated%20(68).webp","media/nimbus-security.webp",""
"novadesk-signup","NovaDesk Signup","Signup","hero","hero","false","image/webp","1337002","https://pub-86dc5b5484314368ac5436a674b0d919.r2.dev/hero%20sections/animated%20(69).webp","media/novadesk-signup.webp",""
"nexacore-results","NexaCore Results","Features","features","hero","true","image/webp","90052","https://pub-86dc5b5484314368ac5436a674b0d919.r2.dev/animated%20(40).webp","media/nexacore-results.webp",""
"nimbus-ops","Nimbus Ops","CTA","cta","hero","false","image/webp","253870","https://pub-86dc5b5484314368ac5436a674b0d919.r2.dev/animated%20(27).webp","media/nimbus-ops.webp",""
"network-hero","Network Hero","Hero","hero","hero","true","image/webp","1093614","https://pub-86dc5b5484314368ac5436a674b0d919.r2.dev/hero%20sections/animated%20(19).webp","media/network-hero.webp",""
"mood-tracker","Mood Tracker","Wellness","mobile","hero","false","video/mp4","2039761","https://pub-86dc5b5484314368ac5436a674b0d919.r2.dev/mobile%20apps/mobilenature33.mp4","media/mood-tracker.mp4",""
"movie-premiere","Movie Premiere","Entertainment","mobile","hero","false","video/mp4","1542664","https://pub-86dc5b5484314368ac5436a674b0d919.r2.dev/mobile%20apps/filmstudioArea.mp4","media/movie-premiere.mp4",""
"portal","Portal","Hero","hero","hero","true","image/webp","897772","https://pub-86dc5b5484314368ac5436a674b0d919.r2.dev/hero%20sections/animated%20(68).webp","media/portal.webp",""
"place-saver","Place Saver","Travel","mobile","hero","true","video/mp4","1852859","https://pub-86dc5b5484314368ac5436a674b0d919.r2.dev/a/perplxmobile.mp4","media/place-saver.mp4",""
"places-organizer","Places Organizer","Travel","mobile","hero","false","video/mp4","1464836","https://pub-86dc5b5484314368ac5436a674b0d919.r2.dev/a/cosmicperplexArea.mp4","media/places-organizer.mp4",""
"modern-dental-clinic","Modern Dental Clinic","Healthcare","hero","hero","false","video/mp4","2413203","https://pub-86dc5b5484314368ac5436a674b0d919.r2.dev/a/dentalblu.mp4","media/modern-dental-clinic.mp4",""
"travel-journal","Travel Journal","Travel","mobile","hero","true","video/mp4","968060","https://pub-86dc5b5484314368ac5436a674b0d919.r2.dev/mobile%20apps/balitravel.mp4","media/travel-journal.mp4",""
"celestial-renewal","Celestial Renewal","Wellness","hero","hero","true","video/mp4","1795719","https://pub-86dc5b5484314368ac5436a674b0d919.r2.dev/uploaded/planetscrollArea.mp4","media/celestial-renewal.mp4",""
"ai-workflow-agents","AI Workflow Agents","SaaS","hero","hero","true","video/mp4","2297459","https://pub-86dc5b5484314368ac5436a674b0d919.r2.dev/a/naturezoompuirple.mp4","media/ai-workflow-agents.mp4",""
"ai-assistant-app","AI Assistant App","AI App","mobile","hero","false","video/mp4","13217728","https://cdn.dribbble.com/userupload/47292454/file/65aacbe86c62aa017868b77b1e12c7a6.mp4","media/ai-assistant-app.mp4",""
"immersive-studio","Immersive Studio","Agency","hero","hero","false","video/mp4","2139531","https://pub-86dc5b5484314368ac5436a674b0d919.r2.dev/a/socialArea.mp4","media/immersive-studio.mp4",""
"shipping-infrastructure","Shipping Infrastructure","Developer","hero","hero","false","video/mp4","2046508","https://pub-86dc5b5484314368ac5436a674b0d919.r2.dev/a/developerinfrapurpleArea.mp4","media/shipping-infrastructure.mp4",""
"f1-racing-hub","F1 Racing Hub","Statistics App","mobile","hero","true","video/mp4","1452467","https://pub-86dc5b5484314368ac5436a674b0d919.r2.dev/a/F1%20Racing%20HubArea.mp4","media/f1-racing-hub.mp4",""
"ai-workflow","AI Workflow Hero","Hero","hero","hero","true","image/webp","2437696","https://pub-86dc5b5484314368ac5436a674b0d919.r2.dev/hero%20sections/animated%20(55).webp","media/ai-workflow.webp",""
"portfolio-about","Portfolio About","About","about","hero","true","image/webp","162734","https://pub-86dc5b5484314368ac5436a674b0d919.r2.dev/animated%20(23).webp","media/portfolio-about.webp",""
"tech-forward","Tech-Forward","Hero","hero","hero","true","video/mp4","818677","https://pub-86dc5b5484314368ac5436a674b0d919.r2.dev/prompts%20(i've%20added%20them%20to%20the%20motionsites)/132Area.mp4","media/tech-forward.mp4",""
"technical-specifications","Technical Specifications","Tabs","features","hero","false","image/webp","509582","https://pub-86dc5b5484314368ac5436a674b0d919.r2.dev/animated%20(71).webp","media/technical-specifications.webp",""
"speakup-venture-hero","SpeakUp Venture Hero","Hero","hero","hero","false","application/x-mpegURL","1431","https://stream.mux.com/a6HPc2D4wiAmo1102yX8WVFt01gzGYkOG1vPVysYykdao.m3u8","media/speakup-venture-hero.mp4","media/speakup-venture-hero.m3u8"
"radial-diagram","Radial Diagram","Testimonials","testimonials","hero","true","image/webp","305742","https://pub-86dc5b5484314368ac5436a674b0d919.r2.dev/animated%20(62).webp","media/radial-diagram.webp",""
"rocket-cta","Rocket CTA","CTA","cta","hero","true","image/webp","1055538","https://pub-86dc5b5484314368ac5436a674b0d919.r2.dev/animated%20(69).webp","media/rocket-cta.webp",""
"stellar-launch","Stellar Launch","Landing Page","hero","landing","false","image/webp","1715616","https://pub-86dc5b5484314368ac5436a674b0d919.r2.dev/hero%20sections/animated%20(88).webp","media/stellar-launch.webp",""
"stark-minimal-footer","Stark Minimal Footer","Footer","footer","hero","true","image/webp","153836","https://pub-86dc5b5484314368ac5436a674b0d919.r2.dev/animated%20(37).webp","media/stark-minimal-footer.webp",""
"skills-lea","LearnHub","Education","mobile","hero","false","video/mp4","2689364","https://pub-86dc5b5484314368ac5436a674b0d919.r2.dev/uploaded/linesbrightArea.mp4","media/skills-lea.mp4",""
"prompt-hero","PROMPT","Landing Page","hero","hero","true","video/mp4","2309006","https://pub-86dc5b5484314368ac5436a674b0d919.r2.dev/fe42Area.mp4","media/prompt-hero.mp4",""
"scroll-landing","Scroll Landing Page","Interactive","hero","hero","false","image/webp","3102262","https://pub-86dc5b5484314368ac5436a674b0d919.r2.dev/hero%20sections/animated%20(47).webp","media/scroll-landing.webp",""
"ai-meeting-notes","AI Meeting Notes","SaaS","hero","hero","false","video/mp4","1835608","https://pub-86dc5b5484314368ac5436a674b0d919.r2.dev/ailight123Area.mp4","media/ai-meeting-notes.mp4",""
"3d-story","3D Story","Landing Page","hero","hero","false","image/webp","903106","https://pub-86dc5b5484314368ac5436a674b0d919.r2.dev/hero%20sections/animated%20(21).webp","media/3d-story.webp",""
"live-language-classes","Live Language Classes","Learning SaaS","mobile","hero","false","video/mp4","1581726","https://pub-86dc5b5484314368ac5436a674b0d919.r2.dev/a/learnoinclasssliveArea.mp4","media/live-language-classes.mp4",""
"album-release","Album App","Music","mobile","hero","false","video/mp4","1665266","https://pub-86dc5b5484314368ac5436a674b0d919.r2.dev/a/MusicArea.mp4","media/album-release.mp4",""
"mind-body-healing","Mind-Body Healing","Medicine","hero","hero","true","video/mp4","1249709","https://pub-86dc5b5484314368ac5436a674b0d919.r2.dev/a/brainhealthArea.mp4","media/mind-body-healing.mp4",""
"dental-care-app","Dental Care App","Health App","mobile","hero","false","image/png","3157082","https://cdn.dribbble.com/userupload/45390682/file/243689af47ee91126bf622d6d47294cb.png?resize=2048x1536&vertical=center","media/dental-care-app.png",""
"innovation-lab","Innovation Lab","Technology","hero","hero","true","video/mp4","2192026","https://pub-86dc5b5484314368ac5436a674b0d919.r2.dev/a/buttterflies%20purpleArea.mp4","media/innovation-lab.mp4",""
"f1-driver-profile","F1 Driver Profile","Sports","hero","hero","false","video/mp4","1458456","https://pub-86dc5b5484314368ac5436a674b0d919.r2.dev/a/racingcarredArea.mp4","media/f1-driver-profile.mp4",""
"creative-designer-portfolio","Creative Designer Portfolio","Portfolio","hero","hero","false","video/mp4","3206233","https://pub-86dc5b5484314368ac5436a674b0d919.r2.dev/a/creativedeisngerArea.mp4","media/creative-designer-portfolio.mp4",""
"bio-active","Clarity Core","Landing Page","hero","hero","false","image/webp","2147854","https://pub-86dc5b5484314368ac5436a674b0d919.r2.dev/hero%20sections/animated%20(30).webp","media/bio-active.webp",""
"gateway-portal","Gateway Portal","Landing page","hero","hero","false","image/webp","726178","https://pub-86dc5b5484314368ac5436a674b0d919.r2.dev/hero%20sections/animated%20(76).webp","media/gateway-portal.webp",""
"ai-driving-assistant","AI Driving Assistant","AI SaaS Website","hero","hero","false","video/mp4","1730617","https://pub-86dc5b5484314368ac5436a674b0d919.r2.dev/a/carteslaArea.mp4","media/ai-driving-assistant.mp4",""
"vaultshield","VaultShield","Hero","hero","hero","true","image/webp","1049806","https://pub-86dc5b5484314368ac5436a674b0d919.r2.dev/hero%20sections/animated%20(64).webp","media/vaultshield.webp",""
"jewelry-store","Jewelry Store","Ecommerce","hero","hero","false","image/png","600144","https://pub-86dc5b5484314368ac5436a674b0d919.r2.dev/a/CleanShot%202026-07-11%20at%2016.38.46.png","media/jewelry-store.png",""
"visual-hero","Visual Hero","Hero","hero","hero","true","application/x-mpegURL","3326","https://stream.mux.com/i9kUFJpB6GrWoe2UXRZG4lIP02g00LGulS1GTVrMMwZI00.m3u8","media/visual-hero.mp4","media/visual-hero.m3u8"
"dental-implant-clinic","Dental Implant Clinic","Healthcare","mobile","hero","false","video/mp4","1315649","https://pub-86dc5b5484314368ac5436a674b0d919.r2.dev/a/dentalimplantArea.mp4","media/dental-implant-clinic.mp4",""
"form-study","Form Study","Art","hero","hero","false","video/mp4","1669672","https://pub-86dc5b5484314368ac5436a674b0d919.r2.dev/a/Form-Study.mp4","media/form-study.mp4",""
"layered-depth","Layered Depth","Landing Page","hero","landing","false","image/webp","2487600","https://pub-86dc5b5484314368ac5436a674b0d919.r2.dev/hero%20sections/animated%20(43).webp","media/layered-depth.webp",""
"no-code-waitlist","No-Code Waitlist","Waitlist","hero","hero","true","application/x-mpegURL","1434","https://stream.mux.com/iY611PYuZ02AKpIzYB4Q1BMpl7W2O3UwqjQm9p01xlmVg.m3u8","media/no-code-waitlist.mp4","media/no-code-waitlist.m3u8"
"neon-logic","Neon Logic","Landing Page","hero","hero","true","image/webp","2008786","https://pub-86dc5b5484314368ac5436a674b0d919.r2.dev/hero%20sections/animated%20(33).webp","media/neon-logic.webp",""
"scroll-marquee","Scroll Marquee","Marquee","carousel","hero","false","image/webp","1501906","https://pub-86dc5b5484314368ac5436a674b0d919.r2.dev/animated%20(21).webp","media/scroll-marquee.webp",""
"rocket-pricing","Rocket Pricing","Pricing","pricing","hero","true","image/webp","107782","https://pub-86dc5b5484314368ac5436a674b0d919.r2.dev/animated%20(55).webp","media/rocket-pricing.webp",""
"velorix-iic","Velorix IIC","Hero","hero","hero","false","image/webp","781218","https://pub-86dc5b5484314368ac5436a674b0d919.r2.dev/hero%20sections/animated%20(87).webp","media/velorix-iic.webp",""
"yoga-coach","Yoga Coach","Landing Page","hero","hero","false","image/webp","2793310","https://pub-86dc5b5484314368ac5436a674b0d919.r2.dev/hero%20sections/animated%20(39).webp","media/yoga-coach.webp",""
"luxury-real-estate","Luxury Real Estate","Landing Page","hero","landing","false","image/webp","1082186","https://pub-86dc5b5484314368ac5436a674b0d919.r2.dev/hero%20sections/animated%20(38).webp","media/luxury-real-estate.webp",""
"sky-estate","Sky Estate","Real Estate","hero","landing","false","video/mp4","2562521","https://pub-86dc5b5484314368ac5436a674b0d919.r2.dev/uploaded/galaxyhome.mp4","media/sky-estate.mp4",""
"glitch-pulse","Glitch Pulse","Landing Page","hero","hero","false","image/webp","1724592","https://pub-86dc5b5484314368ac5436a674b0d919.r2.dev/hero%20sections/animated%20(29).webp","media/glitch-pulse.webp",""
"obsidian-hero","Obsidian Hero","Hero","hero","hero","false","image/webp","758850","https://pub-86dc5b5484314368ac5436a674b0d919.r2.dev/hero%20sections/animated%20(18).webp","media/obsidian-hero.webp",""
"mythic-naturecore","Mythic Naturecore","landing page","hero","hero","false","image/webp","2390408","https://pub-86dc5b5484314368ac5436a674b0d919.r2.dev/hero%20sections/animated%20(72).webp","media/mythic-naturecore.webp",""
"orbis-cta","Orbis CTA","CTA","cta","hero","false","image/webp","1734954","https://pub-86dc5b5484314368ac5436a674b0d919.r2.dev/animated%20(19).webp","media/orbis-cta.webp",""
"bl","Bloom","Landing Page","landing","hero","false","image/webp","2693402","https://pub-86dc5b5484314368ac5436a674b0d919.r2.dev/hero%20sections/animated%20(96).webp","media/bl.webp",""
"guardnet-demo","Guardnet Demo","Info","about","hero","false","image/webp","702320","https://pub-86dc5b5484314368ac5436a674b0d919.r2.dev/animated%20(26).webp","media/guardnet-demo.webp",""
"interior-features","Interior Features","Features","features","hero","false","image/webp","1573714","https://pub-86dc5b5484314368ac5436a674b0d919.r2.dev/animated%20(9).webp","media/interior-features.webp",""
"liquid-glass-features","Liquid Glass Features","Features","features","hero","false","image/webp","850794","https://pub-86dc5b5484314368ac5436a674b0d919.r2.dev/animated%20(10).webp","media/liquid-glass-features.webp",""
"kova-testimonial","Kova Testimonial","Testimonial","testimonials","hero","false","image/webp","253608","https://pub-86dc5b5484314368ac5436a674b0d919.r2.dev/animated%20(51).webp","media/kova-testimonial.webp",""
"nexacore-control","NexaCore Control","Features","features","hero","true","image/webp","342822","https://pub-86dc5b5484314368ac5436a674b0d919.r2.dev/animated%20(33).webp","media/nexacore-control.webp",""
"nimbus-pricing","NimBus Pricing","Pricing","pricing","hero","false","image/webp","491106","https://pub-86dc5b5484314368ac5436a674b0d919.r2.dev/animated%20(12).webp","media/nimbus-pricing.webp",""
"luxury-botanical","Luxury Botanical","Landing Page","hero","landing","false","image/webp","1108298","https://pub-86dc5b5484314368ac5436a674b0d919.r2.dev/hero%20sections/animated%20(36).webp","media/luxury-botanical.webp",""
"shop","Daisy Shop","Ecommerce","hero","landing","false","application/x-mpegURL","1436","https://stream.mux.com/imC5vQh9WbYUhhreIFOOONfNBnQI8AZznRfgZw8p2fA.m3u8","media/shop.mp4","media/shop.m3u8"
"wellness-balance","Wellness Balance","Hero","hero","hero","true","image/webp","1382660","https://pub-86dc5b5484314368ac5436a674b0d919.r2.dev/hero%20sections/animated%20(11).webp","media/wellness-balance.webp",""
"agency-services","Agency Services","Services","features","hero","false","image/webp","313502","https://pub-86dc5b5484314368ac5436a674b0d919.r2.dev/animated%20(14).webp","media/agency-services.webp",""
"404-planet","404 Planet","404","404","hero","true","image/webp","1956200","https://pub-86dc5b5484314368ac5436a674b0d919.r2.dev/animated%20(7).webp","media/404-planet.webp",""
"bio-age-dashboard","Bio-Age Dashboard","Hero","hero","hero","false","image/webp","3289100","https://pub-86dc5b5484314368ac5436a674b0d919.r2.dev/hero%20sections/animated%20(17).webp","media/bio-age-dashboard.webp",""
"axion-about","Axion About","About","about","hero","true","image/webp","248724","https://pub-86dc5b5484314368ac5436a674b0d919.r2.dev/animated%20(29).webp","media/axion-about.webp",""
"interactive-portfolio","Interactive Portfolio","Hero","hero","hero","false","image/webp","568838","https://pub-86dc5b5484314368ac5436a674b0d919.r2.dev/hero%20sections/animated%20(15).webp","media/interactive-portfolio.webp",""
"guardnet-benefits","Guardnet Benefits","Benefits","features","hero","true","image/webp","180246","https://pub-86dc5b5484314368ac5436a674b0d919.r2.dev/animated%20(34).webp","media/guardnet-benefits.webp",""
"liquid-glass-cta","Liquid Glass CTA","CTA","cta","hero","true","image/webp","1017062","https://pub-86dc5b5484314368ac5436a674b0d919.r2.dev/animated%20(17).webp","media/liquid-glass-cta.webp",""
"learnly","Learnly","Hero","hero","hero","false","image/webp","1117720","https://pub-86dc5b5484314368ac5436a674b0d919.r2.dev/hero%20sections/animated%20(82).webp","media/learnly.webp",""
"book-hero","Book Hero","Hero","hero","hero","false","image/webp","1813622","https://pub-86dc5b5484314368ac5436a674b0d919.r2.dev/hero%20sections/animated%20(57).webp","media/book-hero.webp",""
"global-cta-footer","Global CTA Footer","CTA","cta","hero","false","image/webp","1276794","https://pub-86dc5b5484314368ac5436a674b0d919.r2.dev/animated%20(64).webp","media/global-cta-footer.webp",""
"launchex-about","LaunchEx About","About","about","hero","true","image/webp","172626","https://pub-86dc5b5484314368ac5436a674b0d919.r2.dev/animated%20(49).webp","media/launchex-about.webp",""
"nimbus-grid","Nimbus Grid","Landing Page","hero","landing","false","image/webp","1258628","https://pub-86dc5b5484314368ac5436a674b0d919.r2.dev/hero%20sections/animated%20(63).webp","media/nimbus-grid.webp",""
"rocket-faq","Rocket FAQ","FAQ","faq","hero","false","image/webp","142890","https://pub-86dc5b5484314368ac5436a674b0d919.r2.dev/animated%20(31).webp","media/rocket-faq.webp",""
"cursor-follow","Cursor Follow","Hero","hero","hero","false","image/webp","1323594","https://pub-86dc5b5484314368ac5436a674b0d919.r2.dev/hero%20sections/animated%20(48).webp","media/cursor-follow.webp",""
"futuristic-cinematic","Futuristic Cinematic","Hero","hero","hero","false","image/webp","816816","https://pub-86dc5b5484314368ac5436a674b0d919.r2.dev/hero%20sections/animated%20(52).webp","media/futuristic-cinematic.webp",""
"intelligentx","IntelligentX","Hero","hero","hero","true","image/webp","1987630","https://pub-86dc5b5484314368ac5436a674b0d919.r2.dev/hero%20sections/animated%20(61).webp","media/intelligentx.webp",""
"outdoor-apparel","Outdoor Apparel","Fashion","hero","hero","false","video/mp4","2122309","https://pub-86dc5b5484314368ac5436a674b0d919.r2.dev/uploaded/gearstoreArea.mp4","media/outdoor-apparel.mp4",""
"nexacore-process","NexaCore Process","Process","features","hero","false","image/webp","526590","https://pub-86dc5b5484314368ac5436a674b0d919.r2.dev/animated%20(47).webp","media/nexacore-process.webp",""
"fun-404-page","Fun 404 Page","Education Website","hero","hero","true","video/mp4","46124255","https://d8j0ntlcm91z4.cloudfront.net/user_38xzZboKViGWJOttwIXH07lWA1P/hf_20260714_015111_b6301eeb-0a2c-4b2d-b9d2-238eaa3c099e.mp4","media/fun-404-page.mp4",""
"nimbus-demo","Nimbus Demo","Dashboard Demo","dashboard","hero","false","image/webp","291840","https://pub-86dc5b5484314368ac5436a674b0d919.r2.dev/animated%20(57).webp","media/nimbus-demo.webp",""
"stillmind","Stillmind","Hero","hero","hero","true","video/mp4","2080361","https://pub-86dc5b5484314368ac5436a674b0d919.r2.dev/prompts%20(i've%20added%20them%20to%20the%20motionsites)/endless.mp4","media/stillmind.mp4",""
"projects-catalog","Projects Catalog","Projects","features","hero","false","image/webp","2193970","https://pub-86dc5b5484314368ac5436a674b0d919.r2.dev/animated%20(36).webp","media/projects-catalog.webp",""
"blog-showcase","Blog Showcase","Blog","Blog","hero","true","image/webp","1066046","https://pub-86dc5b5484314368ac5436a674b0d919.r2.dev/animated%20(22).webp","media/blog-showcase.webp",""
"equilibrium","Equilibrium","Hero","hero","hero","true","image/webp","1060990","https://pub-86dc5b5484314368ac5436a674b0d919.r2.dev/hero%20sections/animated%20(93).webp","media/equilibrium.webp",""
"evergreen-finance","Evergreen Finance","Fintech","hero","landing","false","image/webp","1079954","https://pub-86dc5b5484314368ac5436a674b0d919.r2.dev/hero%20sections/animated%20(79).webp","media/evergreen-finance.webp",""
"flowmate-carousal","FlowMate Carousal","Carousal","carousel","hero","false","image/webp","1681178","https://pub-86dc5b5484314368ac5436a674b0d919.r2.dev/animated%20(65).webp","media/flowmate-carousal.webp",""
"minimal-workflow-saas","Minimal Workflow SaaS","SaaS","hero","hero","false","image/webp","636790","https://pub-86dc5b5484314368ac5436a674b0d919.r2.dev/hero%20sections/animated%20(86).webp","media/minimal-workflow-saas.webp",""
"mythic-vpn","Mythic VPN","VPN","hero","hero","false","video/mp4","2123713","https://pub-86dc5b5484314368ac5436a674b0d919.r2.dev/a/vpnsiteArea.mp4","media/mythic-vpn.mp4",""
"golden-portal","Golden Portal","Landing Page","hero","hero","false","image/webp","1494012","https://pub-86dc5b5484314368ac5436a674b0d919.r2.dev/hero%20sections/animated%20(13).webp","media/golden-portal.webp",""
"aesthetic-dental-clinic","Aesthetic Dental Clinic","Healthcare","hero","hero","false","video/mp4","2208803","https://pub-86dc5b5484314368ac5436a674b0d919.r2.dev/a/asthetic%20dental.mp4","media/aesthetic-dental-clinic.mp4",""
"lead-funnel","Lead Funnel","Hero","hero","landing","false","video/mp4","2552816","https://pub-86dc5b5484314368ac5436a674b0d919.r2.dev/prompts%20(i've%20added%20them%20to%20the%20motionsites)/mux3.mp4","media/lead-funnel.mp4",""
"future-state","Future-State","Landing Page","hero","landing","false","image/webp","1389104","https://pub-86dc5b5484314368ac5436a674b0d919.r2.dev/hero%20sections/animated%20(20).webp","media/future-state.webp",""
"pixel-grid-hover","Pixel Grid Hover","Case Studies","blog","hero","true","image/webp","1503362","https://pub-86dc5b5484314368ac5436a674b0d919.r2.dev/animated%20(15).webp","media/pixel-grid-hover.webp",""
"financialfocus","FinancialFocus","Hero","hero","hero","false","image/webp","835868","https://pub-86dc5b5484314368ac5436a674b0d919.r2.dev/hero%20sections/animated%20(80).webp","media/financialfocus.webp",""
"synthesis","Synthesis","Landing Page","hero","landing","false","image/webp","1028236","https://pub-86dc5b5484314368ac5436a674b0d919.r2.dev/hero%20sections/animated%20(91).webp","media/synthesis.webp",""
"saas-pricing-flow","SaaS Pricing Flow","Pricing","hero","hero","false","image/webp","1847992","https://pub-86dc5b5484314368ac5436a674b0d919.r2.dev/animated%20(35).webp","media/saas-pricing-flow.webp",""
"vertex-sci","Vertex Sci","Hero","hero","hero","false","image/webp","2832418","https://pub-86dc5b5484314368ac5436a674b0d919.r2.dev/hero%20sections/animated%20(23).webp","media/vertex-sci.webp",""
"vision-reveal","Vision Reveal","Hero","hero","hero","true","video/mp4","2245538","https://pub-86dc5b5484314368ac5436a674b0d919.r2.dev/hero%20sections/newpsotArea.mp4","media/vision-reveal.mp4",""
"beauty-categories","Beauty Categories","Categories","features","hero","true","image/webp","1497670","https://pub-86dc5b5484314368ac5436a674b0d919.r2.dev/animated%20(67).webp","media/beauty-categories.webp",""
"cosmic","Cosmic","Hero","hero","hero","false","image/webp","1075988","https://pub-86dc5b5484314368ac5436a674b0d919.r2.dev/hero%20sections/animated%20(25).webp","media/cosmic.webp",""
"inner-quest","Inner Quest","Mindfulness","hero","hero","false","video/mp4","1373823","https://pub-86dc5b5484314368ac5436a674b0d919.r2.dev/a/handstouchgodArea.mp4","media/inner-quest.mp4",""
"cybersecurity","Cybersecurity","SaaS","hero","hero","false","video/mp4","2634609","https://pub-86dc5b5484314368ac5436a674b0d919.r2.dev/a/CleanShot%202026-07-16%20at%2013.18.53.mp4","media/cybersecurity.mp4",""
"neural-interface","Neural Interface","Landing Page","hero","hero","false","image/webp","1472838","https://pub-86dc5b5484314368ac5436a674b0d919.r2.dev/hero%20sections/animated%20(54).webp","media/neural-interface.webp",""
"immersive-ocean","Immersive Ocean","Hero","hero","hero","true","image/webp","788630","https://pub-86dc5b5484314368ac5436a674b0d919.r2.dev/hero%20sections/animated%20(14).webp","media/immersive-ocean.webp",""
"launchex-submissions","LaunchEx Submissions","Features","features","hero","false","image/webp","442324","https://pub-86dc5b5484314368ac5436a674b0d919.r2.dev/animated%20(52).webp","media/launchex-submissions.webp",""
"glassmorphic-feature-tabs","Glassmorphic Feature Tabs","Tabs","features","hero","false","image/webp","685026","https://pub-86dc5b5484314368ac5436a674b0d919.r2.dev/animated%20(30).webp","media/glassmorphic-feature-tabs.webp",""
"nex-max-upgrade","Nex Max Upgrade","Pricing","pricing","hero","false","image/webp","649762","https://pub-86dc5b5484314368ac5436a674b0d919.r2.dev/animated%20(44).webp","media/nex-max-upgrade.webp",""
"tech-noir-about","Tech-Noir About","About","about","hero","true","image/webp","1226648","https://pub-86dc5b5484314368ac5436a674b0d919.r2.dev/animated%20(48).webp","media/tech-noir-about.webp",""
"travel-hero","Scenic Travel","Landing Page","hero","landing","false","image/webp","1560210","https://pub-86dc5b5484314368ac5436a674b0d919.r2.dev/hero%20sections/animated%20(94).webp","media/travel-hero.webp",""
"3d-studio-pricing","3D Studio Pricing","Pricing","hero","hero","false","video/mp4","1602615","https://pub-86dc5b5484314368ac5436a674b0d919.r2.dev/prompts%20(i've%20added%20them%20to%20the%20motionsites)/priicnggrow.mp4","media/3d-studio-pricing.mp4",""
"apex-program-accordion","Apex Program Accordion","Accordion","faq","hero","false","image/webp","126922","https://pub-86dc5b5484314368ac5436a674b0d919.r2.dev/animated%20(25).webp","media/apex-program-accordion.webp",""
"cinematic-brand","Cinematic Brand","Hero","hero","hero","false","image/webp","2455484","https://pub-86dc5b5484314368ac5436a674b0d919.r2.dev/hero%20sections/animated%20(65).webp","media/cinematic-brand.webp",""
"audio-showcase","Audio Showcase","Hero","hero","hero","true","image/webp","2722792","https://pub-86dc5b5484314368ac5436a674b0d919.r2.dev/hero%20sections/animated%20(70).webp","media/audio-showcase.webp",""
"digital-experiences","Digital Experiences","Landing Page","hero","hero","true","image/webp","1860854","https://pub-86dc5b5484314368ac5436a674b0d919.r2.dev/hero%20sections/animated%20(40).webp","media/digital-experiences.webp",""
"eco-intelligence","Eco Intelligence","Hero","hero","hero","false","image/webp","1219930","https://pub-86dc5b5484314368ac5436a674b0d919.r2.dev/hero%20sections/animated%20(41).webp","media/eco-intelligence.webp",""
"aurora-onboard","Aurora Onboard","Sign Up","mobile","hero","true","image/png","2112753","https://pub-86dc5b5484314368ac5436a674b0d919.r2.dev/hero%20sections/CleanShot_2026-05-07_at_15.40.21_2x_kfgapx.png","media/aurora-onboard.png",""
"investment-hero","Investment Gate","Landing Page","hero","hero","false","image/webp","1765002","https://pub-86dc5b5484314368ac5436a674b0d919.r2.dev/hero%20sections/animated%20(9).webp","media/investment-hero.webp",""
"naturecore-saas","Naturecore SaaS","Hero","hero","hero","false","image/webp","2752864","https://pub-86dc5b5484314368ac5436a674b0d919.r2.dev/hero%20sections/animated%20(53).webp","media/naturecore-saas.webp",""
"orbis-cards","Orbis Cards","Cards","features","hero","false","image/webp","678850","https://pub-86dc5b5484314368ac5436a674b0d919.r2.dev/animated%20(16).webp","media/orbis-cards.webp",""
"solace-sign-in","Solace sign-in","Sign In Form","form","hero","false","image/webp","3466316","https://pub-86dc5b5484314368ac5436a674b0d919.r2.dev/animated%20(66).webp","media/solace-sign-in.webp",""
"model-infrastructure","Model Infrastructure","Developer Platform","hero","hero","false","video/mp4","1376963","https://pub-86dc5b5484314368ac5436a674b0d919.r2.dev/a/InfrastructureArea.mp4","media/model-infrastructure.mp4",""
"build-with-us","Build With Us","Contact us","hero","hero","true","image/webp","3843312","https://pub-86dc5b5484314368ac5436a674b0d919.r2.dev/hero%20sections/animated%20(45).webp","media/build-with-us.webp",""
"conversion","Conversion","Hero","hero","hero","false","image/webp","2018206","https://pub-86dc5b5484314368ac5436a674b0d919.r2.dev/hero%20sections/animated%20(84).webp","media/conversion.webp",""
"cybersecurity-hero-v2","Cybersecurity Hero v2","Hero","hero","hero","false","image/webp","1028150","https://pub-86dc5b5484314368ac5436a674b0d919.r2.dev/hero%20sections/animated%20(62).webp","media/cybersecurity-hero-v2.webp",""
"cybersecurity-hero","Cybersecurity Hero","Hero","hero","hero","true","image/webp","725198","https://pub-86dc5b5484314368ac5436a674b0d919.r2.dev/hero%20sections/animated%20(60).webp","media/cybersecurity-hero.webp",""
"feedback-slider","Feedback Slider","Slider","carousel","hero","false","image/webp","370944","https://pub-86dc5b5484314368ac5436a674b0d919.r2.dev/animated%20(38).webp","media/feedback-slider.webp",""
"luminara","Luminara","Hero","hero","hero","false","image/webp","3412330","https://pub-86dc5b5484314368ac5436a674b0d919.r2.dev/hero%20sections/animated%20(98).webp","media/luminara.webp",""
"wellness-device","Wellness Devicex","Health","hero","hero","true","video/mp4","1210072","https://pub-86dc5b5484314368ac5436a674b0d919.r2.dev/a/Wellness%20Device%20.mp4","media/wellness-device.mp4",""
"growth-marketing-saas","Growth Marketing SaaS","Hero","hero","hero","false","image/webp","2009134","https://pub-86dc5b5484314368ac5436a674b0d919.r2.dev/hero%20sections/animated%20(28).webp","media/growth-marketing-saas.webp",""
"finflow","FinFlow","Fintech","hero","hero","false","image/webp","822670","https://pub-86dc5b5484314368ac5436a674b0d919.r2.dev/hero%20sections/animated%20(81).webp","media/finflow.webp",""
"daisy-sweet","Daisy Sweet","Product","features","hero","false","image/webp","1672752","https://pub-86dc5b5484314368ac5436a674b0d919.r2.dev/animated%20(43).webp","media/daisy-sweet.webp",""
"daisy-wild","Daisy Wild","Product","features","hero","true","image/webp","1596968","https://pub-86dc5b5484314368ac5436a674b0d919.r2.dev/animated%20(32).webp","media/daisy-wild.webp",""
"footballer-portfolio","Footballer Portfolio","Sports","mobile","hero","false","video/mp4","1666449","https://pub-86dc5b5484314368ac5436a674b0d919.r2.dev/a/soccerplanArea.mp4","media/footballer-portfolio.mp4",""
"bite-sized-courses","Bite-Sized Courses","Learning","mobile","hero","false","video/mp4","9635519","https://cdn.dribbble.com/userupload/47971886/file/1a9e0df3f9c7d7552af69a4affe1a043.mp4","media/bite-sized-courses.mp4",""
"financial-suite","Financial Suite","Landing Page","hero","hero","false","video/mp4","1353721","https://pub-86dc5b5484314368ac5436a674b0d919.r2.dev/prompts%20(i've%20added%20them%20to%20the%20motionsites)/f4444Area.mp4","media/financial-suite.mp4",""
"data-storytelling","Data Storytelling","SaaS","hero","hero","false","video/mp4","2302232","https://pub-86dc5b5484314368ac5436a674b0d919.r2.dev/linesrevealingArea.mp4","media/data-storytelling.mp4",""
"adhd-planner","ADHD Planner","App","hero","landing","true","video/mp4","2015049","https://pub-86dc5b5484314368ac5436a674b0d919.r2.dev/a/the%20frisArea.mp4","media/adhd-planner.mp4",""
"sentinel","Sentinel","Cybersecurity","hero","landing","false","video/mp4","2148802","https://pub-86dc5b5484314368ac5436a674b0d919.r2.dev/a/Sentinel.mp4","media/sentinel.mp4",""
"ai-trip-planner","AI Trip Planner","Travel","hero","hero","true","video/mp4","1627654","https://pub-86dc5b5484314368ac5436a674b0d919.r2.dev/a/where%20willArea.mp4","media/ai-trip-planner.mp4",""
"arctic-lab","Arctic Lab","Portfolio","hero","landing","false","video/mp4","1217860","https://pub-86dc5b5484314368ac5436a674b0d919.r2.dev/avideos/icebergArea.mp4","media/arctic-lab.mp4",""
"routine-coach","Routine Coach","Wellness","hero","hero","false","video/mp4","1995196","https://pub-86dc5b5484314368ac5436a674b0d919.r2.dev/a/routinecoach.mp4","media/routine-coach.mp4",""
"automotive-ai","Automotive AI","Driving","hero","landing","false","video/mp4","1989990","https://pub-86dc5b5484314368ac5436a674b0d919.r2.dev/a/carteslanewArea.mp4","media/automotive-ai.mp4",""
"avant-studio","Avant Studio","Creative","hero","landing","false","video/mp4","2231718","https://pub-86dc5b5484314368ac5436a674b0d919.r2.dev/avideos/theinteractiveArea.mp4","media/avant-studio.mp4",""
"cleantech","CleanTech","Sustainability","hero","landing","false","video/mp4","1621024","https://pub-86dc5b5484314368ac5436a674b0d919.r2.dev/uploaded/earhtling.mp4","media/cleantech.mp4",""
"deep-neural-interface","Deep Neural Interface","Artificial Intelligence","hero","landing","false","video/mp4","1920790","https://pub-86dc5b5484314368ac5436a674b0d919.r2.dev/a/swimndmitriys.mp4","media/deep-neural-interface.mp4",""
"editorial-eyewear","Editorial Eyewear","Fashion","hero","landing","false","video/mp4","1676824","https://pub-86dc5b5484314368ac5436a674b0d919.r2.dev/a/eurwareeditorial.mp4","media/editorial-eyewear.mp4",""
"relocation-card","Relocation Card","Finance","hero","hero","false","video/mp4","1971203","https://pub-86dc5b5484314368ac5436a674b0d919.r2.dev/a/fiancnecardportelArea.mp4","media/relocation-card.mp4",""
"trustflow","TrustFlow","Finance","hero","hero","true","video/mp4","1873415","https://pub-86dc5b5484314368ac5436a674b0d919.r2.dev/a/trustflowginArea.mp4","media/trustflow.mp4",""
"futuristic-eyewear","Futuristic Eyewear","Ecommerce","hero","landing","false","video/mp4","1555033","https://pub-86dc5b5484314368ac5436a674b0d919.r2.dev/a/socialglassesstore.mp4","media/futuristic-eyewear.mp4",""
"neo-museum","Neo Museum","Website","hero","landing","true","image/webp","1640264","https://pub-86dc5b5484314368ac5436a674b0d919.r2.dev/hero%20sections/animated%20(75).webp","media/neo-museum.webp",""
"oyla","OYLA","Ecommerce","hero","landing","false","video/mp4","1831799","https://pub-86dc5b5484314368ac5436a674b0d919.r2.dev/prompts%20(i've%20added%20them%20to%20the%20motionsites)/%20bewpostArea.mp4","media/oyla.mp4",""
"performance-eyewear","Performance Eyewear","Ecommerce","hero","landing","false","video/mp4","1832971","https://pub-86dc5b5484314368ac5436a674b0d919.r2.dev/a/glassesstoreArea.mp4","media/performance-eyewear.mp4",""
"product-studio","Product Studio","Agency Website","hero","landing","false","video/mp4","1770691","https://pub-86dc5b5484314368ac5436a674b0d919.r2.dev/uploaded/Product-Studio.mp4","media/product-studio.mp4",""
"pulse-3d","Pulse 3D","3D Website","hero","landing","false","image/webp","2406130","https://pub-86dc5b5484314368ac5436a674b0d919.r2.dev/hero%20sections/animated%20(16).webp","media/pulse-3d.webp",""
"spatial-mapping-platform","Spatial Mapping Platform","Data","hero","landing","false","video/mp4","2097379","https://pub-86dc5b5484314368ac5436a674b0d919.r2.dev/a/spatialplatform.mp4","media/spatial-mapping-platform.mp4",""
"remote-dev-collective","Remote Dev Collective","Agency Website","hero","landing","false","video/mp4","2418613","https://pub-86dc5b5484314368ac5436a674b0d919.r2.dev/a/remotedevteamArea.mp4","media/remote-dev-collective.mp4",""
"custom-spaces","Custom Spaces","Design","hero","hero","false","video/mp4","2126962","https://pub-86dc5b5484314368ac5436a674b0d919.r2.dev/Custom%20SpacesArea.mp4","media/custom-spaces.mp4",""
"3d-property","3D Property","Real Estate","mobile","hero","false","video/mp4","1481191","https://pub-86dc5b5484314368ac5436a674b0d919.r2.dev/a/buildingggArea.mp4","media/3d-property.mp4",""
"digital-director","Digital Director","Portfolio","hero","hero","true","video/mp4","1370339","https://pub-86dc5b5484314368ac5436a674b0d919.r2.dev/a/digitaldirector.mp4","media/digital-director.mp4",""
"church-community","Church Community","Church","mobile","hero","true","video/mp4","1109242","https://pub-86dc5b5484314368ac5436a674b0d919.r2.dev/a/churchserice.mp4","media/church-community.mp4",""
"fine-jewelry-shop","Fine Jewelry Shop","Ecommerce","mobile","hero","false","image/png","482317","https://pub-86dc5b5484314368ac5436a674b0d919.r2.dev/a/CleanShot%202026-07-13%20at%2007.51.09.png","media/fine-jewelry-shop.png",""
"ai-automation","AI Automation","Landing Page","hero","landing","false","image/webp","1572942","https://pub-86dc5b5484314368ac5436a674b0d919.r2.dev/hero%20sections/animated%20(83).webp","media/ai-automation.webp",""
"aerocore","AeroCore","Landing Page","hero","hero","false","image/webp","1619442","https://pub-86dc5b5484314368ac5436a674b0d919.r2.dev/hero%20sections/animated%20(34).webp","media/aerocore.webp",""
"3d-collectible-hero","3D Collectible Hero","3D Website","3D Website","hero","true","image/webp","1404102","https://pub-86dc5b5484314368ac5436a674b0d919.r2.dev/hero%20sections/animated%20(24).webp","media/3d-collectible-hero.webp",""
"ai-calorie-tracker","AI Calorie Tracker","Health","mobile","hero","false","video/mp4","1347120","https://pub-86dc5b5484314368ac5436a674b0d919.r2.dev/a/calorieArea.mp4","media/ai-calorie-tracker.mp4",""
"arceage-contact-us","Arceage Contact Us","Form","form","hero","false","image/webp","58732","https://pub-86dc5b5484314368ac5436a674b0d919.r2.dev/animated%20(20).webp","media/arceage-contact-us.webp",""
"arceage-testimonial","Arceage Testimonial","Testimonials","testimonials","hero","false","image/webp","159376","https://pub-86dc5b5484314368ac5436a674b0d919.r2.dev/animated%20(24).webp","media/arceage-testimonial.webp",""
"cognitra-offer","Cognitra Offer","Cards","features","hero","false","image/webp","261566","https://pub-86dc5b5484314368ac5436a674b0d919.r2.dev/animated%20(56).webp","media/cognitra-offer.webp",""
"botanical-shadow-about","Botanical Shadow About","About","about","hero","false","image/webp","395434","https://pub-86dc5b5484314368ac5436a674b0d919.r2.dev/animated%20(11).webp","media/botanical-shadow-about.webp",""
"bookedup","BookedUp","SaaS","hero","hero","false","image/webp","713236","https://pub-86dc5b5484314368ac5436a674b0d919.r2.dev/hero%20sections/animated%20(58).webp","media/bookedup.webp",""
"bio-digital","Bio-Digital","Hero","hero","hero","false","image/webp","413260","https://pub-86dc5b5484314368ac5436a674b0d919.r2.dev/hero%20sections/animated%20(95).webp","media/bio-digital.webp",""
"cinematic-landing-page","Cinematic Landing Page","Landing Page","hero","hero","false","image/webp","3387902","https://pub-86dc5b5484314368ac5436a674b0d919.r2.dev/hero%20sections/animated%20(66).webp","media/cinematic-landing-page.webp",""
"auramail","AuraMail","SaaS","hero","hero","false","image/webp","819342","https://pub-86dc5b5484314368ac5436a674b0d919.r2.dev/hero%20sections/animated%20(56).webp","media/auramail.webp",""
"bento-grid-stats","Bento Grid Stats","Bento","features","hero","false","image/webp","249336","https://pub-86dc5b5484314368ac5436a674b0d919.r2.dev/animated%20(58).webp","media/bento-grid-stats.webp",""
"beauty-products","Beauty Products","Products","carousel","hero","false","image/webp","175434","https://pub-86dc5b5484314368ac5436a674b0d919.r2.dev/animated%20(54).webp","media/beauty-products.webp",""
"wellness-hero","Wellness Hero","Hero","hero","hero","true","image/webp","1542696","https://pub-86dc5b5484314368ac5436a674b0d919.r2.dev/hero%20sections/animated%20(32).webp","media/wellness-hero.webp",""
"animated-cards","Animated Cards","Component","carousel","hero","true","image/webp","554760","https://pub-86dc5b5484314368ac5436a674b0d919.r2.dev/animated%20(8).webp","media/animated-cards.webp",""
"arceage-stats","Arceage Stats","Stats","stats","hero","true","image/webp","435842","https://pub-86dc5b5484314368ac5436a674b0d919.r2.dev/animated%20(59).webp","media/arceage-stats.webp",""
"apex-pulse","Apex Pulse","Landing Page","hero","hero","false","image/webp","2945348","https://pub-86dc5b5484314368ac5436a674b0d919.r2.dev/hero%20sections/animated%20(44).webp","media/apex-pulse.webp",""
"arceage-services","Arceage Services","Services","features","hero","false","image/webp","267228","https://pub-86dc5b5484314368ac5436a674b0d919.r2.dev/animated%20(50).webp","media/arceage-services.webp",""
"cognitra-feature","Cognitra Feature","Feature","features","hero","true","image/webp","1598116","https://pub-86dc5b5484314368ac5436a674b0d919.r2.dev/animated%20(72).webp","media/cognitra-feature.webp",""
"coffee-rewards","Coffee Rewards","Loyalty App","mobile","hero","true","video/mp4","551201","https://pub-86dc5b5484314368ac5436a674b0d919.r2.dev/uploaded/coffeorangeArea.mp4","media/coffee-rewards.mp4",""
"cargo-group","Cargo Group","Hero","hero","hero","false","video/mp4","1972821","https://pub-86dc5b5484314368ac5436a674b0d919.r2.dev/prompts%20(i've%20added%20them%20to%20the%20motionsites)/carArea.mp4","media/cargo-group.mp4",""
"faq-cta","FAQ CTA","CTA","cta","hero","true","image/webp","544620","https://pub-86dc5b5484314368ac5436a674b0d919.r2.dev/animated%20(61).webp","media/faq-cta.webp",""
"futuristic-tech","Futuristic Tech","Hero","hero","hero","false","image/webp","2118900","https://pub-86dc5b5484314368ac5436a674b0d919.r2.dev/hero%20sections/animated%20(73).webp","media/futuristic-tech.webp",""
"unwind-hero","Unwind Hero","Hero","hero","hero","false","image/webp","1673622","https://pub-86dc5b5484314368ac5436a674b0d919.r2.dev/hero%20sections/animated%20(37).webp","media/unwind-hero.webp",""
"email-landing-page","Email Landing Page","Landing page","landing","landing","true","image/webp","1282912","https://pub-86dc5b5484314368ac5436a674b0d919.r2.dev/hero%20sections/animated%20(59).webp","media/email-landing-page.webp",""
"cyberpunk-reveal","Cyberpunk Reveal","Hero","hero","hero","false","image/webp","1050620","https://pub-86dc5b5484314368ac5436a674b0d919.r2.dev/hero%20sections/animated%20(31).webp","media/cyberpunk-reveal.webp",""
"dashboard","Dashboard UI","Dashboard","dashboard","landing","false","image/webp","2182006","https://pub-86dc5b5484314368ac5436a674b0d919.r2.dev/animated%20(63).webp","media/dashboard.webp",""
"editorial-collection-cta","Editorial Collection CTA","CTA","cta","hero","false","image/webp","1061846","https://pub-86dc5b5484314368ac5436a674b0d919.r2.dev/animated%20(70).webp","media/editorial-collection-cta.webp",""
"creative-studio","Creative Studio","Agency","hero","hero","true","image/webp","1293320","https://pub-86dc5b5484314368ac5436a674b0d919.r2.dev/hero%20sections/animated%20(71).webp","media/creative-studio.webp",""
"creative-portfolio","Creative Portfolio","Hero","hero","hero","true","image/webp","3960106","https://pub-86dc5b5484314368ac5436a674b0d919.r2.dev/hero%20sections/animated%20(89).webp","media/creative-portfolio.webp",""
"creative-agency","Creative Agency","Landing Page","hero","landing","false","image/webp","2050838","https://pub-86dc5b5484314368ac5436a674b0d919.r2.dev/hero%20sections/animated%20(50).webp","media/creative-agency.webp",""
"features","Capabilities Overview","Features","features","hero","false","image/webp","2096446","https://pub-86dc5b5484314368ac5436a674b0d919.r2.dev/animated%20(39).webp","media/features.webp",""
"cozypaws","CozyPaws","Hero","hero","hero","true","video/mp4","1034611","https://pub-86dc5b5484314368ac5436a674b0d919.r2.dev/prompts%20(i've%20added%20them%20to%20the%20motionsites)/petsArea.mp4","media/cozypaws.mp4",""
